"alpha","lambda","rmse","calc_time"
0.625,2.5966,0.9926802971124242,0.5670325756072998
